{
	"BlastJSON": [
		{"File": "XFKBG2M4013_1.json" },
		{"File": "XFKBG2M4013_2.json" },
		{"File": "XFKBG2M4013_3.json" },
		{"File": "XFKBG2M4013_4.json" },
		{"File": "XFKBG2M4013_5.json" },
		{"File": "XFKBG2M4013_6.json" },
		{"File": "XFKBG2M4013_7.json" },
		{"File": "XFKBG2M4013_8.json" },
		{"File": "XFKBG2M4013_9.json" },
		{"File": "XFKBG2M4013_10.json" },
		{"File": "XFKBG2M4013_11.json" },
		{"File": "XFKBG2M4013_12.json" },
		{"File": "XFKBG2M4013_13.json" },
		{"File": "XFKBG2M4013_14.json" },
		{"File": "XFKBG2M4013_15.json" },
		{"File": "XFKBG2M4013_16.json" },
		{"File": "XFKBG2M4013_17.json" },
		{"File": "XFKBG2M4013_18.json" },
		{"File": "XFKBG2M4013_19.json" },
		{"File": "XFKBG2M4013_20.json" },
		{"File": "XFKBG2M4013_21.json" },
		{"File": "XFKBG2M4013_22.json" },
		{"File": "XFKBG2M4013_23.json" },
		{"File": "XFKBG2M4013_24.json" },
		{"File": "XFKBG2M4013_25.json" },
		{"File": "XFKBG2M4013_26.json" },
		{"File": "XFKBG2M4013_27.json" },
		{"File": "XFKBG2M4013_28.json" },
		{"File": "XFKBG2M4013_29.json" },
		{"File": "XFKBG2M4013_30.json" },
		{"File": "XFKBG2M4013_31.json" },
		{"File": "XFKBG2M4013_32.json" },
		{"File": "XFKBG2M4013_33.json" },
		{"File": "XFKBG2M4013_34.json" },
		{"File": "XFKBG2M4013_35.json" },
		{"File": "XFKBG2M4013_36.json" },
		{"File": "XFKBG2M4013_37.json" },
		{"File": "XFKBG2M4013_38.json" },
		{"File": "XFKBG2M4013_39.json" },
		{"File": "XFKBG2M4013_40.json" },
		{"File": "XFKBG2M4013_41.json" },
		{"File": "XFKBG2M4013_42.json" },
		{"File": "XFKBG2M4013_43.json" },
		{"File": "XFKBG2M4013_44.json" },
		{"File": "XFKBG2M4013_45.json" },
		{"File": "XFKBG2M4013_46.json" },
		{"File": "XFKBG2M4013_47.json" },
		{"File": "XFKBG2M4013_48.json" },
		{"File": "XFKBG2M4013_49.json" },
		{"File": "XFKBG2M4013_50.json" },
		{"File": "XFKBG2M4013_51.json" },
		{"File": "XFKBG2M4013_52.json" },
		{"File": "XFKBG2M4013_53.json" },
		{"File": "XFKBG2M4013_54.json" },
		{"File": "XFKBG2M4013_55.json" },
		{"File": "XFKBG2M4013_56.json" },
		{"File": "XFKBG2M4013_57.json" },
		{"File": "XFKBG2M4013_58.json" },
		{"File": "XFKBG2M4013_59.json" },
		{"File": "XFKBG2M4013_60.json" },
		{"File": "XFKBG2M4013_61.json" },
		{"File": "XFKBG2M4013_62.json" },
		{"File": "XFKBG2M4013_63.json" },
		{"File": "XFKBG2M4013_64.json" },
		{"File": "XFKBG2M4013_65.json" },
		{"File": "XFKBG2M4013_66.json" },
		{"File": "XFKBG2M4013_67.json" },
		{"File": "XFKBG2M4013_68.json" },
		{"File": "XFKBG2M4013_69.json" },
		{"File": "XFKBG2M4013_70.json" },
		{"File": "XFKBG2M4013_71.json" },
		{"File": "XFKBG2M4013_72.json" },
		{"File": "XFKBG2M4013_73.json" },
		{"File": "XFKBG2M4013_74.json" },
		{"File": "XFKBG2M4013_75.json" },
		{"File": "XFKBG2M4013_76.json" },
		{"File": "XFKBG2M4013_77.json" },
		{"File": "XFKBG2M4013_78.json" },
		{"File": "XFKBG2M4013_79.json" },
		{"File": "XFKBG2M4013_80.json" },
		{"File": "XFKBG2M4013_81.json" },
		{"File": "XFKBG2M4013_82.json" },
		{"File": "XFKBG2M4013_83.json" },
		{"File": "XFKBG2M4013_84.json" },
		{"File": "XFKBG2M4013_85.json" },
		{"File": "XFKBG2M4013_86.json" },
		{"File": "XFKBG2M4013_87.json" },
		{"File": "XFKBG2M4013_88.json" },
		{"File": "XFKBG2M4013_89.json" },
		{"File": "XFKBG2M4013_90.json" },
		{"File": "XFKBG2M4013_91.json" },
		{"File": "XFKBG2M4013_92.json" },
		{"File": "XFKBG2M4013_93.json" },
		{"File": "XFKBG2M4013_94.json" },
		{"File": "XFKBG2M4013_95.json" },
		{"File": "XFKBG2M4013_96.json" },
		{"File": "XFKBG2M4013_97.json" },
		{"File": "XFKBG2M4013_98.json" },
		{"File": "XFKBG2M4013_99.json" },
		{"File": "XFKBG2M4013_100.json" },
		{"File": "XFKBG2M4013_101.json" },
		{"File": "XFKBG2M4013_102.json" },
		{"File": "XFKBG2M4013_103.json" },
		{"File": "XFKBG2M4013_104.json" },
		{"File": "XFKBG2M4013_105.json" },
		{"File": "XFKBG2M4013_106.json" },
		{"File": "XFKBG2M4013_107.json" },
		{"File": "XFKBG2M4013_108.json" },
		{"File": "XFKBG2M4013_109.json" },
		{"File": "XFKBG2M4013_110.json" },
		{"File": "XFKBG2M4013_111.json" },
		{"File": "XFKBG2M4013_112.json" },
		{"File": "XFKBG2M4013_113.json" },
		{"File": "XFKBG2M4013_114.json" },
		{"File": "XFKBG2M4013_115.json" },
		{"File": "XFKBG2M4013_116.json" },
		{"File": "XFKBG2M4013_117.json" },
		{"File": "XFKBG2M4013_118.json" },
		{"File": "XFKBG2M4013_119.json" },
		{"File": "XFKBG2M4013_120.json" },
		{"File": "XFKBG2M4013_121.json" },
		{"File": "XFKBG2M4013_122.json" },
		{"File": "XFKBG2M4013_123.json" },
		{"File": "XFKBG2M4013_124.json" },
		{"File": "XFKBG2M4013_125.json" },
		{"File": "XFKBG2M4013_126.json" },
		{"File": "XFKBG2M4013_127.json" },
		{"File": "XFKBG2M4013_128.json" },
		{"File": "XFKBG2M4013_129.json" },
		{"File": "XFKBG2M4013_130.json" },
		{"File": "XFKBG2M4013_131.json" }
	]
}